tt,2025-03-11,f,uploads\Screenshot_7.png
tt,2025-03-04,hh,uploads\Screenshot_7.png
heii,2025-03-11,how r u,uploads\Screenshot_7.png
tt,2025-03-10,g,uploads\Screenshot_7.png
gg,2025-03-18,fyfh,uploads\Screenshot_6.png
gg,2025-03-10,ghh,uploads\Screenshot_6.png
tt,2025-03-03,gg,uploads\Screenshot_1.png
22,2025-03-05,dd,uploads\Blond_Sanju.jpg
22,2025-03-04,dd,uploads\Blond_Sanju.jpg
22,2025-03-05,sss,uploads\Blond_Sanju.jpg
22,2025-03-04,sss,uploads\Blond_Sanju.jpg
22,2025-03-03,gg,uploads\Blond_Sanju.jpg
22,2025-03-11,gh,uploads\Blond_Sanju.jpg
podi,2025-03-11,g,uploads\Blond_Sanju.jpg
podi,2025-03-03,g,uploads\use_case_diagram.jpg
podi,2025-03-06,h,uploads\Blond_Sanju.jpg
podi,2025-03-12,hg,uploads\Blond_Sanju.jpg
dddd,2025-03-11,hh,uploads\Blond_Sanju.jpg
27,dddd,nnn,gg,uploads/Blond_Sanju.jpg,2025-03-18,18:38
27,yehhhh,nnn,j,uploads/Blond_Sanju.jpg,2025-03-17,19:13
27,dddd,nnn,gg,uploads/Blond_Sanju.jpg,2025-03-18,18:38
27,dddd,nnn,ss,uploads/Blond_Sanju.jpg,2025-03-05,19:15
27,22,nnn,h,uploads/Blond_Sanju.jpg,2025-03-04,19:19
28,i,l,u,uploads/Sagar.jpg,2025-03-10,20:59
28,azure,amal jyothi college ,best event of amal jyothi,uploads/Blond_Sanju.jpg,2025-03-18,21:15
28,vela,jyothi college ,good one,uploads/Blond_Sanju.jpg,2025-03-05,13:51
29,Hello,NIT Calicut,HACKATHON,uploads/download.jpg,2025-04-08,11:00
29,Hello,NIT Calicut,HACKATHON,uploads/download.jpg,2025-04-08,11:00
29,Hello,NIT Calicut,HACKATHON,uploads/download.jpg,2025-04-08,11:00
29,Hello,NIT Calicut,HACKATHON,uploads/download.jpg,2008-03-24,09:30
29,Hello,NIT Calicut,dasfasf,uploads/AZURE.jpg,2025-03-27,23:23
29,Hello,NIT Calicut,dasfasf,uploads/AZURE.jpg,2025-03-27,23:23
29,Hello,NIT Calicut,safasf,uploads/sanju.png,2025-03-27,23:23
29,asdfdfsdgsdg,dssdg,sdgsdgds,uploads/img1.jpg,3433-02-23,23:23
29,dsfsdg,afsdgsdfsg,dssdg,uploads/img1.jpg,3333-02-23,23:23
29,Sanjai,NIT Calicut,It's a acting event,uploads/img2.jpg,2003-08-24,12:30
29,asdfdfsdgsdg,scsfb,ashfkdh,uploads/img1.jpg,2003-03-24,23:23
29,azure,asgdasjdv,asgdaudgkaska,uploads/Sagar.jpg,1111-11-11,04:45
29,azure,asgdasjdv,asgdaudgkaska,uploads/Sagar.jpg,1111-11-11,04:45
29,azure,asgdasjdv,asgdaudgkaska,uploads/Sagar.jpg,1111-11-11,04:45
29,asdgasgj,askjbaskf,sasjgfyasgf,uploads/img2.jpg,2004-03-31,23:23
29,sdad,dasfasfasf,safasf,uploads/Shan.jpeg,2025-03-27,23:40
29,sdad,dasfasfasf,safasf,uploads/Shan.jpeg,2025-03-27,23:40
29,afcas,adcashc,agdghsa,uploads/img1.jpg,2025-03-27,23:30
29,vchgchgc,ghcg,gfhg,uploads/Screenshot_2023-09-21_002727.png,2003-04-23,23:32
29,asfvjsag,svjdvf,jdasjfa,uploads/AZURE.jpg,2025-03-27,03:30
29,asfaf,fsfsfasf,sfdfs,uploads/download.jpg,2025-03-27,04:50
29,safsab,saghdasghc,sadhgasjgd,uploads/download.jpg,2025-03-27,23:23
29,safsab,saghdasghc,sadhgasjgd,uploads/download.jpg,2025-03-27,23:23
29,gfgxgdhchf,gfxgd,gfxggs,uploads/Screenshot_2023-09-21_002727.png,2025-03-27,23:30
29,gfgxgdhchf,gfxgd,gfxggs,uploads/Screenshot_2023-09-21_002727.png,2025-03-27,23:30
29,azure,asgdasjdv,saddsfdjvh,uploads/download.jpg,2025-03-27,23:30
29,saff,fs,fsdfsdg,uploads/AZURE.jpg,2003-03-12,12:12
29,saff,fs,fsdfsdg,uploads/AZURE.jpg,2003-03-12,12:12
29,kjguftuf,jhfytdy,gfytufigo,uploads/img2.jpg,2003-08-22,01:20
